section_ids/name,section_ids/chapter_ids/name
Unidade 0 - Avaliação Diagnóstica,Diagnóstico do Year 8: ouvir uma crítica e separar facto de apreciação; ler um anúncio; escrever um parágrafo de opinião; identificar frase simples e frase complexa
Unidade 1 - Publicidade e crítica,Oralidade: analisar um anúncio ouvido e explicar a intenção de quem fala
,Leitura: Texto publicitário comercial e não comercial; crítica de um filme ou de um livro
,Educação literária: distinguir o recurso da publicidade do recurso do texto literário
,"Escrita: Anúncio com slogan; crítica com tese, argumentos e conclusão"
,Gramática: Frase ativa e frase passiva; hipérbole e enumeração
Unidade 2 - Texto Narrativo - Autores e narrativas de formação,
Unidade 2.1 - Texto Narrativo - Alexandre Herculano - O Castelo de Faria,"Oralidade: expor o conflito da narrativa, com abertura e fecho"
,"Leitura: narrativa histórica (narrador, espaço, tempo, personagens, ação)"
,"Educação literária: leitura integral; honra, escolha e consequência"
,Escrita: resumo organizado em parágrafos
,Gramática: Frase simples e frase complexa; conjunção subordinativa temporal e causal
Unidade 2.2 - Texto Narrativo - Manuel da Fonseca - Mestre Finezas,Oralidade: apresentar a personagem e o meio em que vive
,Leitura: conto integral de autor português
,"Educação literária: tema, valores e ponto de vista do narrador"
,"Escrita: comentário ao conto, com tese e dois argumentos"
,Gramática: Pronome relativo; oração subordinada adjetiva
Unidade 2.3 - Texto Narrativo - Trindade Coelho - A parábola dos sete vimes,"Oralidade: explicar a parábola e a lição, distinguindo a história do sentido"
,Leitura: parábola integral da tradição literária
,Educação literária: o sentido figurado e a aplicação a uma situação atual
,"Escrita: texto de opinião a partir da parábola, com conclusão"
,Gramática: Conjunção subordinativa condicional e final; oração subordinada adverbial
Unidade 2.4 - Texto Narrativo - Literaturas de língua portuguesa,
Unidade 2.5 - Texto Narrativo - Ondjaki - Os da minha rua,Oralidade: apresentar um episódio da rua e a personagem que o conta
,Leitura: leitura integral de narrativas selecionadas do livro
,"Educação literária: memória, lugar e olhar de criança já crescida"
,"Escrita: narrativa breve no mesmo registo, com descrição e diálogo"
,"Gramática: Modo conjuntivo em contextos obrigatórios (quero que, para que, é preciso que)"
Unidade 2.6 - Texto Narrativo - Lima Barreto - O homem que sabia javanês,Oralidade: reconstruir a mentira da personagem e o momento em que ela cresce
,Leitura: conto integral
,Educação literária: ironia; o que o narrador mostra e o que a personagem diz
,Escrita: comentário à ironia do conto
,Gramática: Modificador do nome; derivação e composição
Unidade 2.7 - Texto Narrativo - Imaginação e viagem,
Unidade 2.8 - Texto Narrativo - Júlio Verne - A volta ao mundo em 80 dias,"Oralidade: apresentar a aposta e um obstáculo da viagem, com apoio de um esquema"
,"Leitura: leitura integral da narrativa, em partes. Obra longa do ano"
,"Educação literária: tempo, espaço e a transformação das personagens"
,"Escrita: exposição sobre um episódio, com informação ordenada"
,Gramática: Modificador do grupo verbal; pronome pessoal átono em adjacência verbal
Unidade 2.9 - Texto Narrativo - Oscar Wilde - O Fantasma de Canterville,"Oralidade: contar o encontro entre o fantasma e a família, com entoação"
,Leitura: conto integral
,"Educação literária: humor, medo e o contraste entre duas maneiras de ver o mundo"
,"Escrita: reescrita de uma cena, mudando o ponto de vista"
,Gramática: Tempos do indicativo e presente do conjuntivo; locução prepositiva
Unidade 3 - Texto Poético - Redondilha e esquema rimático,"Leitura: nove poemas de oito autores (Gedeão, O'Neill, David Mourão-Ferreira, Manuel Alegre, Ana Hatherly, Miguel Torga, Manuel da Fonseca, Florbela Espanca)"
,"Educação literária: estrofe, verso, rima, esquema rimático e métrica (redondilha maior e menor)"
,"Escrita: comentário a um poema, com o tema e um recurso expressivo"
,Gramática: Classe das palavras no verso; pontuação e ritmo
Unidade 3.1 - Texto Poético - António Gedeão - Pedra filosofal,Leitura: poema integral
,"Educação literária: o desejo de saber; enumeração, anáfora e metáfora"
,"Escrita: texto de opinião sobre a ideia do poema, com dois argumentos"
,Gramática: Pleonasmo e hipérbole; oração subordinada completiva
Unidade 3.2 - Texto Poético - Alexandre O'Neill,"Leitura: um poema integral, com ironia e enumeração"
,Educação literária: o que o poema diz e o que deixa entender
,Escrita: recriação em prosa do sentido do poema
,Gramática: Advérbio e locução adverbial; funções sintáticas de sujeito e predicado
Unidade 4 - Texto Dramático,
"Unidade 4.1 - Texto Dramático - Alice Vieira - Leandro, rei da Helíria","Leitura: texto dramático integral (ato, cena, fala, indicações cénicas)"
,Educação literária: leitura em papéis e representação de uma cena; poder e identidade
,Escrita: resumo da ação e comentário a uma escolha da personagem
,Gramática: Didascálias e discurso das falas; frase ativa e passiva
Unidade 4.2 - Texto Dramático - Do Castelo de Faria à cena,Leitura: comparação entre a narrativa de Herculano e a cena dramatizada
,Educação literária: o que muda quando a narrativa passa a ter falas e indicações
,"Escrita: duas cenas a partir de um episódio narrativo, com título e indicações"
,"Gramática: Sujeito, complemento direto, complemento indireto e modificador"
Unidade 5 - Revisões Anuais,"Revisões do Year 8: publicidade, crítica, narrativa, poema com métrica e texto dramático"
Unidade 6 - Avaliação,"Testes / trabalhos / correção: exposição oral, crítica ou artigo de opinião, leitura de narrativa e de poema, cena dramática, voz passiva, pronome relativo e conjuntivo"
Unidade 7 - Atividades extra,"Contrato de leitura: percurso individual do leitor, com obras escolhidas e uma reflexão sobre o que cada uma mudou na leitura"